{"assets/images/app%20store%20image.jpg":["assets/images/app%20store%20image.jpg"],"assets/images/appMockup.png":["assets/images/appMockup.png"],"assets/images/cat%20img.jpg":["assets/images/cat%20img.jpg"],"assets/images/consultation.jpg":["assets/images/consultation.jpg"],"assets/images/cta%20Ellipse%201.png":["assets/images/cta%20Ellipse%201.png"],"assets/images/cta%20Ellipse.png":["assets/images/cta%20Ellipse.png"],"assets/images/cta%20eclispse%201%20mobile.png":["assets/images/cta%20eclispse%201%20mobile.png"],"assets/images/cta%20eclispse%20mobile.png":["assets/images/cta%20eclispse%20mobile.png"],"assets/images/cta%20image%20mobile.png":["assets/images/cta%20image%20mobile.png"],"assets/images/cta%20image.png":["assets/images/cta%20image.png"],"assets/images/cummins%20img.jpg":["assets/images/cummins%20img.jpg"],"assets/images/detroit%20img.jpg":["assets/images/detroit%20img.jpg"],"assets/images/hino%20img.jpg":["assets/images/hino%20img.jpg"],"assets/images/homeCircleGrad.png":["assets/images/homeCircleGrad.png"],"assets/images/homeCircleGradBlue.png":["assets/images/homeCircleGradBlue.png"],"assets/images/mack%20img.jpg":["assets/images/mack%20img.jpg"],"assets/images/mack%20truck.jpg":["assets/images/mack%20truck.jpg"],"assets/images/maxxforce%20img.jpg":["assets/images/maxxforce%20img.jpg"],"assets/images/newsletter%20image.jpg":["assets/images/newsletter%20image.jpg"],"assets/images/paccar%20img.jpg":["assets/images/paccar%20img.jpg"],"assets/images/play%20store%20image.jpg":["assets/images/play%20store%20image.jpg"],"assets/images/rTechLogoBlack.png":["assets/images/rTechLogoBlack.png"],"assets/images/towing.jpg":["assets/images/towing.jpg"],"assets/images/truckFix.jpg":["assets/images/truckFix.jpg"],"assets/images/truckPart.jpg":["assets/images/truckPart.jpg"],"assets/images/volvo%20img.jpg":["assets/images/volvo%20img.jpg"],"assets/svgs/arrow.svg":["assets/svgs/arrow.svg"],"assets/svgs/check%20green.svg":["assets/svgs/check%20green.svg"],"assets/svgs/consultation.svg":["assets/svgs/consultation.svg"],"assets/svgs/instagram%20svg.svg":["assets/svgs/instagram%20svg.svg"],"assets/svgs/linkedIn%20svg.svg":["assets/svgs/linkedIn%20svg.svg"],"assets/svgs/towing%20(2).svg":["assets/svgs/towing%20(2).svg"],"assets/svgs/truck%20fix.svg":["assets/svgs/truck%20fix.svg"],"assets/svgs/truck%20part.svg":["assets/svgs/truck%20part.svg"],"assets/svgs/twitter%20svg.svg":["assets/svgs/twitter%20svg.svg"],"packages/cupertino_icons/assets/CupertinoIcons.ttf":["packages/cupertino_icons/assets/CupertinoIcons.ttf"],"packages/font_awesome_flutter/lib/fonts/fa-brands-400.ttf":["packages/font_awesome_flutter/lib/fonts/fa-brands-400.ttf"],"packages/font_awesome_flutter/lib/fonts/fa-regular-400.ttf":["packages/font_awesome_flutter/lib/fonts/fa-regular-400.ttf"],"packages/font_awesome_flutter/lib/fonts/fa-solid-900.ttf":["packages/font_awesome_flutter/lib/fonts/fa-solid-900.ttf"],"packages/line_icons/lib/assets/fonts/LineIcons.ttf":["packages/line_icons/lib/assets/fonts/LineIcons.ttf"],"packages/slimy_card/assets/flare/bottomSlime.flr":["packages/slimy_card/assets/flare/bottomSlime.flr"],"packages/slimy_card/assets/flare/topSlime.flr":["packages/slimy_card/assets/flare/topSlime.flr"]}